Workbook

Sheet Исходные данные
A1: Показатель | B1: 2014 | C1: 2015 | D1: 2016 | E1: 2017 | F1: 2018 | G1: 2019 | H1: 2020 | I1: 2021 | J1: 2022 | K1: 2023 | L1: 2024
A2: Поступило дел | B2: 411494 | C2: 486744 | D2: 516408 | E2: 539023 | F2: 536690 | G2: 539727 | H2: 486425 | I2: 537041 | J2: 521116 | K2: 525000 | L2: 530000
A3: Рассмотрено | B3: 398765 | C3: 472450 | D3: 501420 | E3: 523100 | F3: 520800 | G3: 523600 | H3: 472000 | I3: 521000 | J3: 505500 | K3: 509250 | L3: 514100
A4: Удовлетворено | B4: 350000 | C4: 415000 | D4: 440000 | E4: 460000 | F4: 458000 | G4: 460000 | H4: 415000 | I4: 458000 | J4: 445000 | K4: 450000 | L4: 455000
A5: Отказано | B5: 25000 | C5: 27500 | D5: 29000 | E5: 30500 | F5: 30200 | G5: 30000 | H5: 27000 | I5: 30000 | J5: 29000 | K5: 28500 | L5: 28000
A6: Прекращено производством | B6: 23765 | C6: 29950 | D6: 32420 | E6: 32600 | F6: 32600 | G6: 33600 | H6: 30000 | I6: 33000 | J6: 31500 | K6: 30750 | L6: 31100
A7: Средний срок рассмотрения (дни) | B7: 35 | C7: 34 | D7: 33 | E7: 32 | F7: 31 | G7: 30 | H7: 33 | I7: 29 | J7: 28 | K7: 28 | L7: 27
F11: 2014 | G11: 2024
E12: Удовлетворено | F12: 350000 | G12: 455000
E13: Отказано | F13: 25000 | G13: 28000
E14: Прекращено производством | F14: 23765 | G14: 31100

Sheet Расчетные показатели
A1: Показатель | B1: 2014(%) | C1: 2024(%)
A2: Динамика роста поступивших дел (2014→2024) | B2: =('Исходные данные'!L2-'Исходные данные'!B2)/'Исходные данные'!B2*100 -> 28.798962 | C2: —
A3: Динамика роста рассмотренных дел (2014→2024) | B3: =('Исходные данные'!L3-'Исходные данные'!B3)/'Исходные данные'!B3*100 -> 28.92305 | C3: —
A4: Доля удовлетворенных исков | B4: ='Исходные данные'!B4/'Исходные данные'!B3*100 -> 87.770993 | C4: ='Исходные данные'!C4/'Исходные данные'!C3*100 -> 87.839983
A5: Доля отказанных исков | B5: ='Исходные данные'!B5/'Исходные данные'!B3*100 -> 6.2693566 | C5: ='Исходные данные'!C5/'Исходные данные'!C3*100 -> 5.8207218
A6: Доля прекращенных дел | B6: ='Исходные данные'!B6/'Исходные данные'!B3*100 -> 5.9596504 | C6: ='Исходные данные'!C6/'Исходные данные'!C3*100 -> 6.3392952
A7: Эффективность судопроизводства | B7: ='Исходные данные'!B3/'Исходные данные'!B2*100 -> 96.906638 | C7: ='Исходные данные'!C3/'Исходные данные'!C2*100 -> 97.063343
A8: Средний срок рассмотрения | B8: 35 | C8: 27

Sheet Сравнительный анализ
A1: Показатель | B1: 2014 | C1: 2024
A2: Поступило дел | B2: ='Исходные данные'!B2 -> 411494 | C2: ='Исходные данные'!L2 -> 530000
A3: Рассмотрено дел | B3: ='Исходные данные'!B3 -> 398765 | C3: ='Исходные данные'!L3 -> 514100
A4: Удовлетворено исков | B4: ='Исходные данные'!B4 -> 350000 | C4: ='Исходные данные'!L4 -> 455000
A5: Отказано | B5: ='Исходные данные'!B5 -> 25000 | C5: ='Исходные данные'!L5 -> 28000
A6: Прекращено | B6: ='Исходные данные'!B6 -> 23765 | C6: ='Исходные данные'!L6 -> 31100
A7: Доля удовлетворенных (%) | B7: ='Расчетные показатели'!C4 -> 87.839983 | C7: ='Расчетные показатели'!D4 -> 0
A8: Доля отказанных (%) | B8: ='Расчетные показатели'!C5 -> 5.8207218 | C8: ='Расчетные показатели'!D5 -> 0
A9: Эффективность (%) | B9: ='Расчетные показатели'!C7 -> 97.063343 | C9: ='Расчетные показатели'!D7 -> 0
A10: Средний срок (дни) | B10: ='Исходные данные'!B7 -> 35 | C10: ='Исходные данные'!L7 -> 27
